group_name,parent_company,organization_type
Procter & Gamble,Procter & Gamble,parent_brand
Always menstrual hygiene products,Procter & Gamble,child_brand
Ariel laundry detergent,Procter & Gamble,child_brand
Charmin bathroom tissue and moist towelettes,Procter & Gamble,child_brand
Crest toothpaste,Procter & Gamble,child_brand
Dawn dishwashing,Procter & Gamble,child_brand
Fairy washing up liquid,Procter & Gamble,child_brand
Febreze odor eliminator,Procter & Gamble,child_brand
"Gain laundry detergents, liquid fabric softener, dryer sheets and dish washing liquid",Procter & Gamble,child_brand
"Gillette razors, shaving soap, shaving cream, body wash, shampoo, deodorant and anti",Procter & Gamble,child_brand
Head & Shoulders shampoo,Procter & Gamble,child_brand
Lenor fabric softener,Procter & Gamble,child_brand
Olay personal and beauty products,Procter & Gamble,child_brand
Oral,Procter & Gamble,child_brand
Pampers & Pampers Kandoo and Luvs disposable diapers and moist towelettes.  The 2014 Financial Report lists Pampers as Procter & Gamble's largest brand.,Procter & Gamble,parent_brand
Pantene haircare products,Procter & Gamble,child_brand
Tide laundry detergents and products,Procter & Gamble,child_brand
Vicks cough and cold products,Procter & Gamble,child_brand
Dawn dishwashing liquid,Procter & Gamble,child_brand
Fairy washing,Procter & Gamble,child_brand
Joy dishwashing liquid (outside the United States),Procter & Gamble,child_brand
Gain dishwashing liquid,Procter & Gamble,child_brand
Ivory dishwashing liquid,Procter & Gamble,child_brand
Cascade dishwasher detergent,Procter & Gamble,child_brand
Always pads and menstrual hygiene products,Procter & Gamble,child_brand
Tampax tampons,Procter & Gamble,child_brand
Whisper menstrual hygiene products,Procter & Gamble,child_brand
Ascend hair care products,Procter & Gamble,child_brand
Aussie haircare (shampoos/conditioners/styling aids),Procter & Gamble,child_brand
Braun hair care and grooming products,Procter & Gamble,child_brand
Mielle hair care products,Procter & Gamble,child_brand
Nicky Clarke hair products,Procter & Gamble,child_brand
Pantene hair care products (purchased from Hoffmann,Procter & Gamble,child_brand
Vidal Sassoon haircare products (purchased in 1984 from Vidal Sassoon),Procter & Gamble,child_brand
Align probiotics,Procter & Gamble,child_brand
Fixodent denture adhesive,Procter & Gamble,child_brand
New Chapter dietary supplements,Procter & Gamble,child_brand
Scope mouthwash,Procter & Gamble,child_brand
9 Elements cleaning products,Procter & Gamble,child_brand
Ace stain remover liquid,Procter & Gamble,child_brand
Ambi Pur air freshener,Procter & Gamble,child_brand
"Fairy (known as Dreft in the Netherlands and Yes in Sweden and Norway) dishwashing liquid, toilet soap, household soap, laundry detergent and dishwasher detergent",Procter & Gamble,child_brand
Febreze odor control,Procter & Gamble,child_brand
Flash cleaning products,Procter & Gamble,child_brand
Jar dishwashing liquid and dishwasher detergent,Procter & Gamble,child_brand
Mif (Russian,Procter & Gamble,child_brand
Mr. Clean household cleaners,Procter & Gamble,child_brand
Pampers disposable diapers,Procter & Gamble,child_brand
Puffs tissues,Procter & Gamble,child_brand
Luvs disposable diapers,Procter & Gamble,child_brand
Safeguard antibacterial soap,Procter & Gamble,child_brand
Swiffer cleaning products,Procter & Gamble,child_brand
Microban cleaning products,Procter & Gamble,child_brand
Gala (Ukrainian,Procter & Gamble,child_brand
Bold laundry detergent,Procter & Gamble,child_brand
Bonux laundry detergent,Procter & Gamble,child_brand
Bounce fabric,Procter & Gamble,child_brand
Cheer laundry detergent,Procter & Gamble,child_brand
Daz laundry detergent,Procter & Gamble,child_brand
Dreft laundry detergent,Procter & Gamble,child_brand
Era laundry detergent,Procter & Gamble,child_brand
Fairy laundry detergent,Procter & Gamble,child_brand
"Gain laundry detergent, scent booster, fabric softener, dryer sheets.",Procter & Gamble,child_brand
Ola laundry soap,Procter & Gamble,child_brand
PMC laundry soap,Procter & Gamble,child_brand
Tide laundry detergent (known as Dash in the Netherlands and Belgium),Procter & Gamble,child_brand
Fresco bar soap,Procter & Gamble,child_brand
Ivory bar,Procter & Gamble,child_brand
"Native deodorants, shampoos, body wash, skin care and hair care products",Procter & Gamble,child_brand
"Old Spice deodorants, anti perspirants, body wash, bar soap, aftershave, skin care and hair care products",Procter & Gamble,child_brand
Secret antiperspirants and deodorants,Procter & Gamble,child_brand
"Olay body washes, beauty bar soap, lotions, face creams.",Procter & Gamble,child_brand
Asacol,Procter & Gamble,child_brand
Balsam coloring brand (part of Clairol),Procter & Gamble,child_brand
Natural Instincts hair coloring (part of Clairol),Procter & Gamble,child_brand
Perfect Lights hair coloring (part of Clairol),Procter & Gamble,child_brand
"Comet, a long",Procter & Gamble,child_brand
Hawaiian Punch is owned by Keurig Dr Pepper,Procter & Gamble,child_brand
Mayon cooking oil (Philippines),Procter & Gamble,child_brand
"Spic and Span is owned by The Spic and Span Company, a division of Prestige Brands",Procter & Gamble,child_brand
Sunshine margarine,Procter & Gamble,child_brand
Victor shortening,Procter & Gamble,child_brand
PepsiCo,PepsiCo,parent_brand
7 Up,PepsiCo,child_brand
Agousha (Russia),PepsiCo,child_brand
Alvalle (Spain),PepsiCo,child_brand
AMP Energy,PepsiCo,child_brand
Aquafina,PepsiCo,child_brand
Aquafina Flavorsplash,PepsiCo,child_brand
Aunt Jemima/Pearl Milling Company,PepsiCo,child_brand
Baconzitos (Brazil),PepsiCo,child_brand
Cap'n Crunch,PepsiCo,child_brand
Cheetos,PepsiCo,child_brand
Chester's,PepsiCo,child_brand
"Chipsy (Egypt, Serbia)",PepsiCo,child_brand
Chudo,PepsiCo,child_brand
Citrus Blast,PepsiCo,child_brand
Cracker Jack,PepsiCo,child_brand
Crunchy,PepsiCo,child_brand
Crush,PepsiCo,child_brand
Diet Mountain Dew,PepsiCo,child_brand
Diet Mug,PepsiCo,child_brand
Diet Pepsi,PepsiCo,parent_brand
Diet 7UP (only outside of the United States),PepsiCo,child_brand
Diet Sierra Mist / Stary,PepsiCo,child_brand
Domik v Derevne (Russia),PepsiCo,child_brand
Doritos,PepsiCo,child_brand
Dr Pepper,PepsiCo,child_brand
Duyvis (Netherlands),PepsiCo,child_brand
Elma Chips (Brazil),PepsiCo,child_brand
Emperador (Mexico),PepsiCo,child_brand
Evervess (Russia),PepsiCo,child_brand
Fandangos (Brazil),PepsiCo,child_brand
Frito,PepsiCo,child_brand
Fritos,PepsiCo,child_brand
Fruktoviy Sad (Russia),PepsiCo,child_brand
Frustyle (Russia),PepsiCo,child_brand
Gatorade,PepsiCo,child_brand
Gatorade Zero,PepsiCo,child_brand
Grandma's,PepsiCo,child_brand
Imunele (Russia),PepsiCo,child_brand
Izze,PepsiCo,child_brand
"Ivi (Albania, Greece, Cyprus, Serbia)",PepsiCo,child_brand
Kas,PepsiCo,child_brand
KhrusTeam (Russia),PepsiCo,child_brand
"Kurkure (India, Bangladesh, Pakistan)",PepsiCo,child_brand
Lay's,PepsiCo,child_brand
Lehar (India),PepsiCo,child_brand
Life,PepsiCo,child_brand
Lifewater,PepsiCo,child_brand
Lubimy (Russia),PepsiCo,child_brand
Manzanita Sol,PepsiCo,child_brand
Marias Gamesa,PepsiCo,child_brand
"Matutano (Spain, Portugal)",PepsiCo,child_brand
Marbo Product (Serbia),PepsiCo,child_brand
Mirinda,PepsiCo,child_brand
Miss Vickie's,PepsiCo,child_brand
Mountain Dew,PepsiCo,child_brand
Mountain Dew Baja Blast,PepsiCo,child_brand
Mountain Dew Code Red,PepsiCo,child_brand
Mountain Dew LiveWire,PepsiCo,child_brand
Mountain Dew Voltage,PepsiCo,child_brand
Mountain Dew Game Fuel,PepsiCo,child_brand
Mountain Dew Kickstart,PepsiCo,child_brand
Mug,PepsiCo,child_brand
Munchies,PepsiCo,child_brand
Naked,PepsiCo,child_brand
Near East,PepsiCo,child_brand
Nobati (Georgia),PepsiCo,child_brand
O.N.E.,PepsiCo,child_brand
Paso de los Toros (Uruguay),PepsiCo,child_brand
Pasta Roni,PepsiCo,child_brand
Pepsi,PepsiCo,parent_brand
Pepsi Max,PepsiCo,parent_brand
Pepsi Next,PepsiCo,parent_brand
Pepsi Zero Sugar,PepsiCo,parent_brand
Pioneer Foods,PepsiCo,child_brand
Punica,PepsiCo,child_brand
Propel,PepsiCo,child_brand
Quaker,PepsiCo,child_brand
Quaker Chewy,PepsiCo,child_brand
Rice,PepsiCo,child_brand
Rockstar (drink),PepsiCo,child_brand
Rold Gold,PepsiCo,child_brand
Rosquinhas Mabel (Brazil),PepsiCo,child_brand
Ruffles,PepsiCo,child_brand
Russkiy Dar (Russia),PepsiCo,child_brand
Sabritas,PepsiCo,child_brand
Sakata (Australia),PepsiCo,child_brand
Saladitas,PepsiCo,child_brand
Sandora (Ukraine),PepsiCo,child_brand
Santitas,PepsiCo,child_brand
Shani,PepsiCo,child_brand
Simba (Southern Africa),PepsiCo,child_brand
Smartfood,PepsiCo,child_brand
Smith's (Australia),PepsiCo,child_brand
Snack a Jacks,PepsiCo,child_brand
Sodastream,PepsiCo,child_brand
SoBe,PepsiCo,child_brand
SoBe Lifewater,PepsiCo,child_brand
SoBe V Water,PepsiCo,child_brand
Sonric’s,PepsiCo,child_brand
Stacy’s,PepsiCo,child_brand
Star,PepsiCo,child_brand
Starry,PepsiCo,child_brand
Stiksy (Brazil),PepsiCo,child_brand
Sting,PepsiCo,child_brand
SunChips,PepsiCo,child_brand
Tonus,PepsiCo,child_brand
Tostitos,PepsiCo,child_brand
Trop 50,PepsiCo,child_brand
Tropicana,PepsiCo,child_brand
Tropicana Farmstand,PepsiCo,child_brand
Tropicana Pure Premium,PepsiCo,child_brand
Tropicana Twister,PepsiCo,child_brand
Twisties (Oceania Region),PepsiCo,child_brand
Vesely Molochnik,PepsiCo,child_brand
Walkers (United Kingdom),PepsiCo,child_brand
Ya (Russia),PepsiCo,child_brand
Yedigün (Turkey),PepsiCo,child_brand
Dole (certain markets),PepsiCo,child_brand
Lipton,PepsiCo,child_brand
Ocean Spray,PepsiCo,child_brand
Sabra,PepsiCo,child_brand
Starbucks,PepsiCo,child_brand
Yum! Brands,PepsiCo,child_brand
"Breakfast Bars
Quaker Chewy Granola Bars
Quaker Chewy Granola Cocoa Bars
Quaker Chewy Smashbars
Quaker Dipps Granola Bars
Quaker Oatmeal to Go Bars
Quaker Stila Bars
Quaker Yogurt Granola Bars",PepsiCo,child_brand
Quaker Chewy Granola Bars,PepsiCo,child_brand
Quaker Chewy Granola Cocoa Bars,PepsiCo,child_brand
Quaker Chewy Smashbars,PepsiCo,child_brand
Quaker Dipps Granola Bars,PepsiCo,child_brand
Quaker Oatmeal to Go Bars,PepsiCo,child_brand
Quaker Stila Bars,PepsiCo,child_brand
Quaker Yogurt Granola Bars,PepsiCo,child_brand
Seattle's Best Coffee,PepsiCo,child_brand
Starbucks DoubleShot,PepsiCo,child_brand
Starbucks Frappucino,PepsiCo,child_brand
Starbucks Iced Coffee,PepsiCo,child_brand
"AMP Energy
Mountain Dew Energy
Starbucks Refreshers
SoBe",PepsiCo,child_brand
Mountain Dew Energy,PepsiCo,child_brand
Starbucks Refreshers,PepsiCo,child_brand
Cap'n Crunch Cereal,PepsiCo,child_brand
King Vitaman Cereal,PepsiCo,child_brand
Kretschmer Toasted Wheat Germ,PepsiCo,child_brand
Quaker Life Cereal,PepsiCo,child_brand
Mother's Ready,PepsiCo,child_brand
Quaker Essentials,PepsiCo,child_brand
Quaker Grits,PepsiCo,child_brand
Quaker Instant Oatmeal,PepsiCo,child_brand
Quaker Natural Granola Cereal,PepsiCo,child_brand
Quaker Old Fashioned Oats,PepsiCo,child_brand
Quaker Oh!s Cereal,PepsiCo,child_brand
Quaker Puffed Rice,PepsiCo,child_brand
Quaker Shredded Wheat Cereal,PepsiCo,child_brand
Quaker Oatmeal Squares Cereal,PepsiCo,child_brand
Quisp Cereal,PepsiCo,child_brand
AMP Energy Gum,PepsiCo,child_brand
Aunt Jemima Mixes & Syrups (now Pearl Milling),PepsiCo,child_brand
Quaker Baking Mixes,PepsiCo,child_brand
Sabra Hummus,PepsiCo,child_brand
Quaker Large Rice Cakes,PepsiCo,child_brand
Quaker Mini Delights,PepsiCo,child_brand
Quaker Quakes,PepsiCo,child_brand
Quaker Tortillaz,PepsiCo,child_brand
Near East Side Dishes,PepsiCo,child_brand
Pasta Roni Side Dishes,PepsiCo,child_brand
Baked! Cheetos Snacks,PepsiCo,child_brand
Baked! Doritos Tortilla Chips,PepsiCo,child_brand
Baked! Lay's Potato Crisps,PepsiCo,child_brand
Baked! Ruffles Potato Chips,PepsiCo,child_brand
Baked! Tostitos Tortilla Chips,PepsiCo,child_brand
Baken,PepsiCo,child_brand
Cheetos Cheese Flavored Snacks,PepsiCo,child_brand
Chester's Flavored Fries,PepsiCo,child_brand
Chester's Popcorn,PepsiCo,child_brand
Cracker Jack Candy Coated Popcorn,PepsiCo,child_brand
Doritos Tortilla Chips,PepsiCo,child_brand
El Isleno Plaintain Chips,PepsiCo,child_brand
Fritos Corn Chips,PepsiCo,child_brand
Funyuns Onion Flavored Rings,PepsiCo,child_brand
Gamesa Cookies and Wafers,PepsiCo,child_brand
Grandma's Cookies,PepsiCo,child_brand
Hickory Sticks,PepsiCo,child_brand
Hostess Potato Chips,PepsiCo,child_brand
Lay's Kettle Cooked Potato Chips,PepsiCo,child_brand
Lay's Kurkure,PepsiCo,child_brand
Lay's Potato Chips,PepsiCo,child_brand
Lay's Stax Potato Crisps,PepsiCo,child_brand
Lay's Wavy Potato Chips,PepsiCo,child_brand
Maui Style Potato Chips,PepsiCo,child_brand
Miss Vickie's Potato Chips,PepsiCo,child_brand
Munchies Snack Crackers,PepsiCo,child_brand
Munchies Snack Mix,PepsiCo,child_brand
Munchos Potato Crisps,PepsiCo,child_brand
Natural Cheetos,PepsiCo,child_brand
Natural Lay's,PepsiCo,child_brand
Natural Ruffles,PepsiCo,child_brand
Natural Tostitos,PepsiCo,child_brand
Nut Harvest Nuts,PepsiCo,child_brand
Rold Gold Pretzels,PepsiCo,child_brand
Ruffles Potato Chips,PepsiCo,child_brand
Sabritones Puffed Wheat Snacks,PepsiCo,child_brand
Santitas Tortille Chips,PepsiCo,child_brand
Smartfood Popcorn,PepsiCo,child_brand
Smartfood Popcorn Clusters,PepsiCo,child_brand
Spitz Seeds,PepsiCo,child_brand
Tesco,PepsiCo,child_brand
Stacy's Pita,PepsiCo,child_brand
Bagel Chips,PepsiCo,child_brand
SunChips Multigrain Snacks,PepsiCo,child_brand
Tasali Snack Foods,PepsiCo,child_brand
Tostito's Artisan Recipes Tortilla Chips,PepsiCo,child_brand
Tostito's Tortilla Chips,PepsiCo,child_brand
"7 Up
Diet Mountain Dew
Mountain Dew
Mountain Dew Throwback
Crush
Dr Pepper
Pepsi
Pepsi Atom
Diet Pepsi
Pepsi Zero Sugar
Pepsi Twist
Pepsi Blue
Pepsi Pink
Pepsi Gold
Pepsi Green
Pepsi Black
Pepsi White
Pepsi Salty Watermelon
Pepsi Azuki
Pepsi Ice Cucumber
Pepsi Shiso
Pepsi Mont Blanc
Pepsi Edge
Pepsi One
Pepsi Next
Pepsi Wild Cherry
Diet Wild Cherry Pepsi
Caffeine Free Pepsi
Diet Caffeine Free Pepsi
Diet Pepsi Lime
Caffeine Free Mountain Dew
Caffeine Free Diet Mountain Dew
Mountain Dew Livewire
Mountain Dew Code Red
Diet Mountain Dew Code Red
Lipton Brisk Lemon
Lipton Brisk Sweet Tea
Mountain Dew Voltage
Mountain Dew White Out
Diet Lipton Brisk WL
Lipton Brisk Fruit Punch
Lipton Brisk Lemonade
Poppi Classic Cola
Poppi Root Beer
Poppi Watermelon
Poppi Cherry Limeade
Poppi Grape
Poppi Raspberry Rose
Poppi Ginger Lime
Poppi Lemon Lime
Poppi Wild Berry
Poppi Orange Cream
Poppi Cherry Cola
Poppi Strawberry Lemon
Poppi Orange
Poppi Doc Pop
Poppi Cream Soda
Poppi Alpine Blast (citrus)
Poppi Cranberry Fizz (seasonal)
PoppibPunch Pop (seasonal)
Pepsi Throwback
Mug
Diet Mug
Mirinda
Tropicana Products
Starry
Starry Zero Sugar
Bubly sparkling water",PepsiCo,parent_brand
Mountain Dew Throwback,PepsiCo,child_brand
Pepsi Atom,PepsiCo,parent_brand
Pepsi Twist,PepsiCo,parent_brand
Pepsi Blue,PepsiCo,parent_brand
Pepsi Pink,PepsiCo,parent_brand
Pepsi Gold,PepsiCo,parent_brand
Pepsi Green,PepsiCo,parent_brand
Pepsi Black,PepsiCo,parent_brand
Pepsi White,PepsiCo,parent_brand
Pepsi Salty Watermelon,PepsiCo,parent_brand
Pepsi Azuki,PepsiCo,parent_brand
Pepsi Ice Cucumber,PepsiCo,parent_brand
Pepsi Shiso,PepsiCo,parent_brand
Pepsi Mont Blanc,PepsiCo,parent_brand
Pepsi Edge,PepsiCo,parent_brand
Pepsi One,PepsiCo,parent_brand
Pepsi Wild Cherry,PepsiCo,parent_brand
Diet Wild Cherry Pepsi,PepsiCo,parent_brand
Caffeine Free Pepsi,PepsiCo,parent_brand
Diet Caffeine Free Pepsi,PepsiCo,parent_brand
Diet Pepsi Lime,PepsiCo,parent_brand
Caffeine Free Mountain Dew,PepsiCo,child_brand
Caffeine Free Diet Mountain Dew,PepsiCo,child_brand
Mountain Dew Livewire,PepsiCo,child_brand
Diet Mountain Dew Code Red,PepsiCo,child_brand
Lipton Brisk Lemon,PepsiCo,child_brand
Lipton Brisk Sweet Tea,PepsiCo,child_brand
Mountain Dew White Out,PepsiCo,child_brand
Diet Lipton Brisk WL,PepsiCo,child_brand
Lipton Brisk Fruit Punch,PepsiCo,child_brand
Lipton Brisk Lemonade,PepsiCo,child_brand
Poppi Classic Cola,PepsiCo,child_brand
Poppi Root Beer,PepsiCo,child_brand
Poppi Watermelon,PepsiCo,child_brand
Poppi Cherry Limeade,PepsiCo,child_brand
Poppi Grape,PepsiCo,child_brand
Poppi Raspberry Rose,PepsiCo,child_brand
Poppi Ginger Lime,PepsiCo,child_brand
Poppi Lemon Lime,PepsiCo,child_brand
Poppi Wild Berry,PepsiCo,child_brand
Poppi Orange Cream,PepsiCo,child_brand
Poppi Cherry Cola,PepsiCo,child_brand
Poppi Strawberry Lemon,PepsiCo,child_brand
Poppi Orange,PepsiCo,child_brand
Poppi Doc Pop,PepsiCo,child_brand
Poppi Cream Soda,PepsiCo,child_brand
Poppi Alpine Blast (citrus),PepsiCo,child_brand
Poppi Cranberry Fizz (seasonal),PepsiCo,child_brand
PoppibPunch Pop (seasonal),PepsiCo,child_brand
Pepsi Throwback,PepsiCo,parent_brand
Tropicana Products,PepsiCo,child_brand
Starry Zero Sugar,PepsiCo,child_brand
Bubly sparkling water,PepsiCo,child_brand
Gatorade G Series Prime 01,PepsiCo,child_brand
Gatorade Thirst Quencher,PepsiCo,child_brand
Gatorade G Series Recover 03,PepsiCo,child_brand
Gatorade G2,PepsiCo,child_brand
Gatorade Natural,PepsiCo,child_brand
Gatorade G2 Natural,PepsiCo,child_brand
Gatorade G Series FIT Prime 01 Pre,PepsiCo,child_brand
Gatorade G Series FIT Perform 02 Workout Hydration,PepsiCo,child_brand
Gatorade G Series FIT Recover 03 Post,PepsiCo,child_brand
Gatorade G Series PRO 01 Nutrition Shake,PepsiCo,child_brand
Gatorade G Series PRO 01 Nutrition Bar,PepsiCo,child_brand
Gatorade G Series PRO 01 Carbohydrate Energy Formula,PepsiCo,child_brand
Gatorade G Series PRO 02 Endurance Formula,PepsiCo,child_brand
Gatorade G Series PRO 02 Perform Gatorlytes,PepsiCo,child_brand
Gatorade G Series PRO 03 Protein Recovery Shake,PepsiCo,child_brand
Gatorade G Series PRO Prime +,PepsiCo,child_brand
Gatorade G Series PRO Recover +,PepsiCo,child_brand
Aquafina FlavorSplash,PepsiCo,child_brand
"Driftwell, a water with added  L",PepsiCo,child_brand
Propel Zero,PepsiCo,child_brand
Bear Brand,Nestlé,child_brand
Carnation,Nestlé,child_brand
Chuckie (Philippines),Nestlé,child_brand
D'Onofrio (Peru),Nestlé,child_brand
Dancow (Indonesia),Nestlé,child_brand
Milo (Australia),Nestlé,child_brand
Nescau (Brazil),Nestlé,child_brand
Nestlé Fresh (Philippines),Nestlé,parent_brand
Nestlé Low Fat (Philippines),Nestlé,parent_brand
Nestlé Non Fat (Philippines),Nestlé,parent_brand
Nesquik (United States),Nestlé,child_brand
Nestea (joint,Nestlé,child_brand
"Nesvita (Pakistan, Thailand)",Nestlé,child_brand
"Ovaltine (United States, under license from Associated British Foods)",Nestlé,child_brand
Ricacao (Ecuador),Nestlé,child_brand
Romanette (Switzerland),Nestlé,child_brand
Special.T,Nestlé,child_brand
S.Pellegrino,Nestlé,child_brand
Sanbittèr (Germany),Nestlé,child_brand
Sunar (Czech republic),Nestlé,child_brand
Supligen (Caribbean),Nestlé,child_brand
Sweet Leaf Tea,Nestlé,child_brand
"yfood, a Munich",Nestlé,child_brand
Aguila (Uruguay),Nestlé,child_brand
Blue Bottle Coffee Company,Nestlé,child_brand
Bonka,Nestlé,child_brand
Buondi (Portugal),Nestlé,child_brand
Chameleon Cold,Nestlé,child_brand
Christina (Portugal),Nestlé,child_brand
Dolca (Argentina),Nestlé,child_brand
Dolce Gusto,Nestlé,child_brand
"Ecco (Chile, Peru)",Nestlé,child_brand
El Chaná (Uruguay),Nestlé,child_brand
International Roast,Nestlé,child_brand
Kirma (Peru),Nestlé,child_brand
Loumidis (Greece),Nestlé,child_brand
Mountain Blend,Nestlé,child_brand
Nescafé,Nestlé,child_brand
Nespresso,Nestlé,child_brand
Partner's Blend,Nestlé,child_brand
Ricoffy,Nestlé,child_brand
Ricoré,Nestlé,child_brand
Ristretto,Nestlé,child_brand
Sical (Portugal),Nestlé,child_brand
Sunrise (India),Nestlé,child_brand
Taster's Choice,Nestlé,child_brand
Tofa,Nestlé,child_brand
Zoégas (Sweden),Nestlé,child_brand
Acqua Panna (Italy),Nestlé,child_brand
Alaçam (Turkey),Nestlé,child_brand
Al Manhal (Bahrain),Nestlé,child_brand
Aqua Mineral (Poland),Nestlé,child_brand
Aqua Pod,Nestlé,child_brand
Aqua Spring (Greece),Nestlé,child_brand
Aquarel (Spain),Nestlé,child_brand
Arctic (Poland),Nestlé,child_brand
Baraka (Egypt),Nestlé,child_brand
Buxton (UK),Nestlé,child_brand
Charmoise (Belgium),Nestlé,child_brand
Ciego Montero (Cuba),Nestlé,child_brand
Contrex (France),Nestlé,child_brand
Cristalp (Switzerland),Nestlé,child_brand
Da Shan YunNan Spring (China),Nestlé,child_brand
Dar Natury(Poland),Nestlé,child_brand
Eco de los Andes (Argentina),Nestlé,child_brand
Essentia (US),Nestlé,child_brand
Erikli (Turkey),Nestlé,child_brand
Frische Brise (Germany),Nestlé,child_brand
Gerber (Mexico),Nestlé,child_brand
Ghadeer (Jordan),Nestlé,child_brand
Glaciar (Argentina),Nestlé,child_brand
Henniez (Switzerland),Nestlé,child_brand
Hépar (France),Nestlé,child_brand
Hidden Spring (Philippines),Nestlé,child_brand
Κorpi (Greece),Nestlé,child_brand
La Vie (Vietnam),Nestlé,child_brand
Levissima (Italy),Nestlé,child_brand
Los Portales (Cuba),Nestlé,child_brand
Minéré (Thailand),Nestlé,child_brand
Nałęczowianka (Poland),Nestlé,child_brand
Nestlé Selda (Portugal),Nestlé,parent_brand
Nestlé Vera (Italy),Nestlé,parent_brand
Neuselters (Germany),Nestlé,child_brand
Pejo (Italy),Nestlé,child_brand
Perrier,Nestlé,child_brand
Petrópolis (Brazil),Nestlé,child_brand
Porvenir (Chile),Nestlé,child_brand
Princes Gate (UK),Nestlé,child_brand
Pure Life,Nestlé,child_brand
Recoaro (Italy),Nestlé,child_brand
S.Pellegrino (Italy),Nestlé,child_brand
Santa Bárbara (Brazil),Nestlé,child_brand
Santa Maria (Mexico),Nestlé,child_brand
São Lourenço (Brazil),Nestlé,child_brand
Sohat (Lebanon),Nestlé,child_brand
Springs (Saudi Arabia),Nestlé,child_brand
Valvert (Belgium),Nestlé,child_brand
Viladrau (Spain),Nestlé,child_brand
Vittel (France),Nestlé,child_brand
Water Line (South Korea),Nestlé,child_brand
Waterman (China),Nestlé,child_brand
Cerelac,Nestlé,child_brand
Cheerios (in non,Nestlé,child_brand
Chocapic,Nestlé,child_brand
Cini Minis,Nestlé,child_brand
Clusters,Nestlé,child_brand
Cookie Crisp (in non,Nestlé,child_brand
Curiously Strawberry,Nestlé,child_brand
Curiously Cinnamon (in non,Nestlé,child_brand
Estrelitas (Portugal),Nestlé,child_brand
Fitness,Nestlé,child_brand
Gold Flakes,Nestlé,child_brand
Golden Grahams (in non,Nestlé,child_brand
Golden Morn (Nigeria),Nestlé,child_brand
Golden Nuggets,Nestlé,child_brand
Honey Stars,Nestlé,child_brand
Kit,Nestlé,child_brand
Koko Krunch (Unicef),Nestlé,child_brand
Lion Cereal,Nestlé,child_brand
Milo cereals,Nestlé,child_brand
Nescau Cereal (Brazil),Nestlé,child_brand
Nesquik Breakfast Cereal,Nestlé,child_brand
Nestlé Corn Flakes,Nestlé,parent_brand
Neston (Brazil),Nestlé,child_brand
Shredded Wheat (in UK and Ireland under license from Post Consumer Brands),Nestlé,child_brand
Shreddies (in UK and Ireland under license from Post Consumer Brands),Nestlé,child_brand
"Snow Flakes (Brazil, Italy)",Nestlé,child_brand
Trix (in non,Nestlé,child_brand
Uncle Tobys,Nestlé,child_brand
"Chamyto (Brazil, Mexico, Chile)",Nestlé,child_brand
Chambinho (Brazil),Nestlé,child_brand
"Chandelle (Brazil, Chile)",Nestlé,child_brand
"Chiquitín (Mexico, Chile)",Nestlé,child_brand
Club (Mexico),Nestlé,child_brand
Hirz (Switzerland),Nestlé,child_brand
"La Laitière (France, Belgium, UK)",Nestlé,child_brand
"La Lechera (Spain, Mexico)",Nestlé,child_brand
LC1 (Switzerland),Nestlé,child_brand
"Le Viennois (France, Belgium, Switzerland)",Nestlé,child_brand
Moça (Brazil),Nestlé,child_brand
"Molico (Brazil, now Svelty)",Nestlé,child_brand
Munch Bunch (UK),Nestlé,child_brand
Nestlé,Nestlé,parent_brand
"Nesvita (India, Pakistan)",Nestlé,child_brand
Ninho (Brazil),Nestlé,child_brand
Ski,Nestlé,child_brand
Sollys (Brazil),Nestlé,child_brand
Sveltesse (France),Nestlé,child_brand
Svelty (Mexico),Nestlé,child_brand
Yoco,Nestlé,child_brand
Abuelita,Nestlé,child_brand
Aero,Nestlé,child_brand
After Eight,Nestlé,child_brand
All Stars,Nestlé,child_brand
Allen's,Nestlé,child_brand
Alpino (Brazil),Nestlé,child_brand
Amor Wafer (Ecuador),Nestlé,child_brand
Animal Bar (Swiss Crown),Nestlé,child_brand
Bertie Beetle (Australia),Nestlé,child_brand
Balaton (Hungary),Nestlé,child_brand
Besos de Moza (Peru),Nestlé,child_brand
Big Turk (Canada),Nestlé,child_brand
Black Magic,Nestlé,child_brand
Blue Riband,Nestlé,child_brand
Boci (Hungary),Nestlé,child_brand
Bono (Brazil),Nestlé,child_brand
"Bon Pari (Slovakia, Czech Republic, Poland, Russia, Lithuania and Hungary)",Nestlé,child_brand
Cailler,Nestlé,child_brand
Capri (Chile),Nestlé,child_brand
Caramac,Nestlé,child_brand
Carlos V,Nestlé,child_brand
Charge (Brazil),Nestlé,child_brand
"Choclait Chips (Germany, Austria, Switzerland and Netherlands)",Nestlé,child_brand
Choco Crossies (Germany),Nestlé,child_brand
"Chokito (Brazil, Switzerland, Australia, and New Zealand)",Nestlé,child_brand
Coffee Crisp (Canada),Nestlé,child_brand
Dairy Box,Nestlé,child_brand
Damak (Turkey),Nestlé,child_brand
Fizzfindle,Nestlé,child_brand
Frigor,Nestlé,child_brand
Galak/Milkybar,Nestlé,child_brand
Garoto,Nestlé,child_brand
Heaven,Nestlé,child_brand
Hercules Bars (Disney),Nestlé,child_brand
Joe (Romania and the Netherlands),Nestlé,child_brand
Joff,Nestlé,child_brand
"JOJO (Slovakia, Czech Republic and Poland)",Nestlé,child_brand
Lion,Nestlé,child_brand
Lollo (Brazil),Nestlé,child_brand
"Mabel's (Bolivia)
Cracker
Cremositas
Gauchitas
María Maizena
Moraditas
Rosquitas
Salvado
TOP
Wafer
Yapita",Nestlé,child_brand
Cracker,Nestlé,child_brand
Cremositas,Nestlé,child_brand
Gauchitas,Nestlé,child_brand
María Maizena,Nestlé,child_brand
Moraditas,Nestlé,child_brand
Rosquitas,Nestlé,child_brand
Salvado,Nestlé,child_brand
TOP,Nestlé,child_brand
Wafer,Nestlé,child_brand
Yapita,Nestlé,child_brand
McKay,Nestlé,child_brand
Matchmakers,Nestlé,child_brand
Maverick,Nestlé,child_brand
Mint Pattie (Australia),Nestlé,child_brand
Mio (Brazil),Nestlé,child_brand
Minties (Australia),Nestlé,child_brand
Mirage,Nestlé,child_brand
Munchies (United Kingdom),Nestlé,child_brand
Negresco (Brazil),Nestlé,child_brand
Nestlé Alpine White,Nestlé,parent_brand
Nestle Caja Roja (Portugal),Nestlé,parent_brand
Nestlé Classic (Brazil),Nestlé,parent_brand
Nestlé Dessert,Nestlé,parent_brand
Nestlé Extrafino (Portugal),Nestlé,parent_brand
Nestlé Milk Chocolate,Nestlé,parent_brand
Nestlé Munch (India and Bangladesh),Nestlé,parent_brand
Nestlé Toll House cookies,Nestlé,parent_brand
Nestlé with Almonds,Nestlé,parent_brand
Nestlé White Chocolate,Nestlé,parent_brand
Nestlé Wonder Ball,Nestlé,parent_brand
Nestlé Yes (Germany),Nestlé,parent_brand
Nuts (Europe),Nestlé,child_brand
"Orion (Slovakia, Czech Republic)",Nestlé,child_brand
"Passatempo (Spain, Brazil, Italy, Chile)",Nestlé,child_brand
"Peppermint Crisp (South Africa, Australia, and New Zealand)",Nestlé,child_brand
Perugina Baci,Nestlé,child_brand
Plaistowe (Australia),Nestlé,child_brand
Polo,Nestlé,child_brand
"Prestígio (Chile, Brazil)",Nestlé,child_brand
Princessa (Poland),Nestlé,child_brand
Quality Street,Nestlé,child_brand
"Rowntree's
Fruit Gums
Fruit Pastilles
Jelly Tots
Juicy Jellies
Pick & Mix
Randoms
Tooty Frooties",Nestlé,child_brand
Fruit Gums,Nestlé,child_brand
Fruit Pastilles,Nestlé,child_brand
Jelly Tots,Nestlé,child_brand
Juicy Jellies,Nestlé,child_brand
Pick & Mix,Nestlé,child_brand
Randoms,Nestlé,child_brand
Tooty Frooties,Nestlé,child_brand
Sahne Nuss (Chile),Nestlé,child_brand
"Savoy (Venezuela)
Susy
Cocosette
Samba
Carlton
Prestige
Bolero
Galak
Carre",Nestlé,child_brand
Susy,Nestlé,child_brand
Cocosette,Nestlé,child_brand
Samba,Nestlé,child_brand
Carlton,Nestlé,child_brand
Prestige,Nestlé,child_brand
Bolero,Nestlé,child_brand
Galak,Nestlé,child_brand
Carre,Nestlé,child_brand
Scorched Almonds (New Zealand),Nestlé,child_brand
Sensação (Brazil),Nestlé,child_brand
Smarties,Nestlé,child_brand
Suflair (Brazil),Nestlé,child_brand
Sublime (Peru),Nestlé,child_brand
Sundy (France),Nestlé,child_brand
Super 8 (Chile),Nestlé,child_brand
Svitoch (Ukraine),Nestlé,child_brand
Szerencsi (Hungary),Nestlé,child_brand
Tango (Ecuador),Nestlé,child_brand
Tango Mini Galletas (Ecuador),Nestlé,child_brand
Tex (South Africa),Nestlé,child_brand
Toffee Crisp,Nestlé,child_brand
Tola (UAE),Nestlé,child_brand
Trencito (Chile),Nestlé,child_brand
Triangulo (Peru),Nestlé,child_brand
"Turtles (UK, Canada)",Nestlé,child_brand
Walnut Whip,Nestlé,child_brand
XXX mints,Nestlé,child_brand
Yorkie,Nestlé,child_brand
Zvečevo (HR),Nestlé,child_brand
Chef,Nestlé,child_brand
Davigel,Nestlé,child_brand
Minor's,Nestlé,child_brand
Santa Rica,Nestlé,child_brand
Buitoni,Nestlé,child_brand
California Pizza Kitchen (US),Nestlé,child_brand
Delissio Pizza  (Canada),Nestlé,child_brand
DiGiorno Pizza (US),Nestlé,child_brand
Hot Pockets (US),Nestlé,child_brand
Garden Gourmet,Nestlé,child_brand
Hälsans Kök (Scandinavia),Nestlé,child_brand
Jack's Pizza,Nestlé,child_brand
Lean Cuisine,Nestlé,child_brand
Lean Pockets,Nestlé,child_brand
Malher (GT),Nestlé,child_brand
Papa Giuseppe,Nestlé,child_brand
Stouffer's,Nestlé,child_brand
Sweet Earth Foods,Nestlé,child_brand
Tombstone Pizza,Nestlé,child_brand
Winiary (PL),Nestlé,child_brand
Wagner Pizza (EU),Nestlé,child_brand
Åhusglass (Sweden),Nestlé,child_brand
Aino (Finland),Nestlé,child_brand
Cadbury Ice Cream (Philippines),Nestlé,child_brand
"Camy (Spain, Portugal)",Nestlé,child_brand
"Делта (Delta, Bulgaria)",Nestlé,child_brand
"Δέλτα (Delta, Greece)",Nestlé,child_brand
Nestlé Dibs,Nestlé,parent_brand
Dreyer's,Nestlé,child_brand
Drumstick,Nestlé,child_brand
Eskimo (Finland),Nestlé,child_brand
Extra Creamy (Philippines),Nestlé,child_brand
"Extrême (UK, Ireland, France, Spain, Italy, Switzerland)",Nestlé,child_brand
Frigor (Argentina),Nestlé,child_brand
Frisco (Switzerland),Nestlé,child_brand
Froneri,Nestlé,child_brand
Häagen,Nestlé,child_brand
Kimo,Nestlé,child_brand
Kimy (Philippines),Nestlé,child_brand
Maxibon,Nestlé,child_brand
Mat Kool (Malaysia),Nestlé,child_brand
Mivvi,Nestlé,child_brand
Motta (Italy),Nestlé,child_brand
Mövenpick (Switzerland),Nestlé,child_brand
Nestlé Ice Cream,Nestlé,parent_brand
Nestlé Princessa (Poland),Nestlé,parent_brand
Nobrelli (Philippines),Nestlé,child_brand
Outshine,Nestlé,child_brand
Pingviini (Finland),Nestlé,child_brand
Pirulo (Switzerland),Nestlé,child_brand
Pralinato (Switzerland),Nestlé,child_brand
Push,Nestlé,child_brand
Rakete,Nestlé,child_brand
Real Dairy,Nestlé,child_brand
Savory (Chile),Nestlé,child_brand
Schöller (Germany and Austria),Nestlé,child_brand
Skinny Cow,Nestlé,child_brand
Sorbetes (Philippines),Nestlé,child_brand
Temptations Ice Cream (Philippines),Nestlé,child_brand
Tip Top (New Zealand),Nestlé,child_brand
Toblerone (Philippines),Nestlé,child_brand
Twin Pops (Philippines),Nestlé,child_brand
Underground is (Denmark),Nestlé,child_brand
zer0% Fat (Philippines),Nestlé,child_brand
Atrium Innovations,Nestlé,child_brand
Boost,Nestlé,child_brand
Carnation Instant Breakfast,Nestlé,child_brand
Compleat,Nestlé,child_brand
Crucial,Nestlé,child_brand
Diabetisource,Nestlé,child_brand
Douglas Laboratories,Nestlé,child_brand
Fibersource,Nestlé,child_brand
Garden of Life,Nestlé,child_brand
Genestra brands,Nestlé,child_brand
Glytrol,Nestlé,child_brand
Impact,Nestlé,child_brand
Isosource,Nestlé,child_brand
Meritene,Nestlé,child_brand
Modulen,Nestlé,child_brand
Nature's Bounty,Nestlé,child_brand
Novasource Renal,Nestlé,child_brand
Nutren,Nestlé,child_brand
Nuun,Nestlé,child_brand
Optifast,Nestlé,child_brand
Optifibre,Nestlé,child_brand
Orgain,Nestlé,child_brand
Osteo Bi,Nestlé,child_brand
Puritan's Pride,Nestlé,child_brand
Peptamen,Nestlé,child_brand
Persona Nutrition,Nestlé,child_brand
Pure Encapsulations,Nestlé,child_brand
Resorb,Nestlé,child_brand
Resource,Nestlé,child_brand
Solgar,Nestlé,child_brand
Sustagen,Nestlé,child_brand
Trophic,Nestlé,child_brand
Vital Proteins,Nestlé,child_brand
Wobenzym,Nestlé,child_brand
Alfamino,Nestlé,child_brand
Alfare,Nestlé,child_brand
Althera,Nestlé,child_brand
Beba,Nestlé,child_brand
Bona (Finland),Nestlé,child_brand
Farinha Láctea (Brazil),Nestlé,child_brand
FM 85,Nestlé,child_brand
Freshly,Nestlé,child_brand
Gerber,Nestlé,child_brand
Good Start,Nestlé,child_brand
Guigoz,Nestlé,child_brand
Lactogen,Nestlé,child_brand
Maggi,Nestlé,child_brand
Mezeast (UK),Nestlé,child_brand
Mindful Chef,Nestlé,child_brand
NAN AL 110,Nestlé,child_brand
NAN Infinipro HA,Nestlé,child_brand
NAN Optipro,Nestlé,child_brand
NAN Sensitive,Nestlé,child_brand
Nankid,Nestlé,child_brand
NanSoy,Nestlé,child_brand
NaturNes,Nestlé,child_brand
Neslac,Nestlé,child_brand
Nestlé Bear Brand,Nestlé,parent_brand
Nido,Nestlé,child_brand
Piltti (Finland),Nestlé,child_brand
PreNan,Nestlé,child_brand
SMA (UK),Nestlé,child_brand
Neston,Nestlé,child_brand
Nesvita,Nestlé,child_brand
Pria,Nestlé,child_brand
Supligen,Nestlé,child_brand
Purina,Nestlé,child_brand
Purina Alpo,Nestlé,child_brand
Purina Beggin' Strips,Nestlé,child_brand
Purina Beneful,Nestlé,child_brand
Purina Busy Bone,Nestlé,child_brand
Purina Cat Chow,Nestlé,child_brand
Purina Dental Life,Nestlé,child_brand
Purina Dog Chow,Nestlé,child_brand
Purina Fancy Feast,Nestlé,child_brand
Purina Felix,Nestlé,child_brand
Purina Friskies,Nestlé,child_brand
Purina Gourmet,Nestlé,child_brand
Purina ONE,Nestlé,child_brand
Purina Pro Plan Veterinary Diets,Nestlé,child_brand
AdVENTuROS,Nestlé,child_brand
Bakers,Nestlé,child_brand
Beta,Nestlé,child_brand
Bonio,Nestlé,child_brand
Bonnie,Nestlé,child_brand
Castor & Pollux,Nestlé,child_brand
Fido (French equivalent brand to Bakers and Beneful),Nestlé,child_brand
Go Cat,Nestlé,child_brand
Lily's Kitchen,Nestlé,child_brand
Lucky Dog,Nestlé,child_brand
Merrick,Nestlé,child_brand
Mon Petit,Nestlé,child_brand
PetLife,Nestlé,child_brand
Republic of Cats (majority owned by Nestle Purina),Nestlé,parent_brand
Supercoat,Nestlé,child_brand
Tails,Nestlé,child_brand
Tidy Cats,Nestlé,child_brand
Totalcare,Nestlé,child_brand
Whole Earth Farms,Nestlé,child_brand
Winalot,Nestlé,child_brand
Toll House,Nestlé,child_brand
Carpathia,Nestlé,child_brand
CHEF,Nestlé,child_brand
Haoji,Nestlé,child_brand
Thomy,Nestlé,child_brand
Totole,Nestlé,child_brand
Winiary,Nestlé,child_brand
Coffee,Nestlé,child_brand
Milo,Nestlé,child_brand
Nestlé Omega Plus,Nestlé,parent_brand
Tendre Noix,Nestlé,child_brand
Acti,Nestlé,child_brand
ActiPlus (Pakistan),Nestlé,child_brand
Longa Vida (Portugal),Nestlé,child_brand
Lactalis (Spanish),Nestlé,child_brand
Molico (Brazil),Nestlé,child_brand
Munch Bunch,Nestlé,child_brand
Nestlé Raita (mint and cumin) (Pakistan),Nestlé,parent_brand
Nestlé Yogurt,Nestlé,parent_brand
Rawaytee Maza (Pakistan),Nestlé,child_brand
Ski Dairy (United Kingdom),Nestlé,child_brand
Sweet N Tasty Yogurt (Pakistan),Nestlé,child_brand
Yelly (Pakistan),Nestlé,child_brand
"Nestlé owns 23.29% of L'Oréal, the world's largest cosmetics and beauty company, whose brands include Garnier, Maybelline, Lancôme and Urban Decay.",Nestlé,parent_brand
Nestlè owns 40% of Herta Foods after selling 60% to Casa Tarradellas in 2019.,Nestlé,child_brand
Bear Brand Fit & Fresh,Nestlé,child_brand
Enviga (joint,Nestlé,child_brand
Farine Lactée,Nestlé,child_brand
Kean's/Goya Nutrivim,Nestlé,child_brand
Libby's,Nestlé,child_brand
Magnolia Chocolait,Nestlé,child_brand
Magnolia Fresh Milk,Nestlé,child_brand
Magnolia Full Cream Milk,Nestlé,child_brand
Magnolia Low Fat Milk,Nestlé,child_brand
Quik,Nestlé,child_brand
Nestlé Quik,Nestlé,parent_brand
"Aberfoyle (Ontario, Canada)",Nestlé,child_brand
Arrowhead (US),Nestlé,child_brand
Calistoga (US),Nestlé,child_brand
Deep Spring (California),Nestlé,child_brand
Deer Park (US),Nestlé,child_brand
Fruity Water (US),Nestlé,child_brand
Ice Mountain (US),Nestlé,child_brand
Montclair (Canada),Nestlé,child_brand
Ozarka (US),Nestlé,child_brand
Pure Life/Pureza Vital/Vie Pure,Nestlé,child_brand
Poland Spring (US),Nestlé,child_brand
Theodora,Nestlé,child_brand
Zephyrhills (US),Nestlé,child_brand
Plancoët,Nestlé,child_brand
Quézac,Nestlé,child_brand
Saint,Nestlé,child_brand
Sainte,Nestlé,child_brand
Breakaway,Nestlé,child_brand
Drifter,Nestlé,child_brand
Fox's,Nestlé,child_brand
Kean's,Nestlé,child_brand
Texan Bar,Nestlé,child_brand
Kotijäätelö (Finland),Nestlé,child_brand
Magnolia Ice Cream (Philippines),Nestlé,child_brand
f.a.a,Nestlé,child_brand
Fido Freeze,Nestlé,child_brand
Pet79,Nestlé,child_brand
SnackAttack,Nestlé,child_brand
Branston Pickle (now owned by Mizkan),Nestlé,child_brand
Gale's Honey,Nestlé,child_brand
Maggi Rich Mami Noodles,Nestlé,child_brand
Magnolia All Purpose Cream,Nestlé,child_brand
Magnolia Sour Cream,Nestlé,child_brand
Colgate-Palmolive,Colgate-Palmolive,parent_brand
Afta Lotion,Colgate-Palmolive,child_brand
Anthony longlife soap,Colgate-Palmolive,child_brand
Anbesol,Colgate-Palmolive,child_brand
Ajax,Colgate-Palmolive,child_brand
Axion,Colgate-Palmolive,child_brand
Caprice (shampoo; Mexico),Colgate-Palmolive,child_brand
Cibaca (India),Colgate-Palmolive,child_brand
Cold Power,Colgate-Palmolive,child_brand
Colgate,Colgate-Palmolive,child_brand
Colodent (Poland),Colgate-Palmolive,child_brand
Crystal White Octagon,Colgate-Palmolive,child_brand
Cuddly (Australia),Colgate-Palmolive,child_brand
Darlie (toothpaste; Southeast Asia),Colgate-Palmolive,child_brand
Dermassage,Colgate-Palmolive,child_brand
Dentagard (toothpaste; Germany),Colgate-Palmolive,child_brand
Duraphat (fluoride varnish),Colgate-Palmolive,child_brand
Dynamo (detergent),Colgate-Palmolive,child_brand
Elmex (toothpaste),Colgate-Palmolive,child_brand
EltaMD (skincare),Colgate-Palmolive,child_brand
Fab (detergent),Colgate-Palmolive,child_brand
Fabuloso (all purpose cleaner),Colgate-Palmolive,child_brand
Filorga (cosmetics; France),Colgate-Palmolive,child_brand
Fluffy (Australia),Colgate-Palmolive,child_brand
Fresh Start,Colgate-Palmolive,child_brand
Freska,Colgate-Palmolive,child_brand
Gard (shampoo),Colgate-Palmolive,child_brand
Hacı Şakir (Turkey),Colgate-Palmolive,child_brand
Hello Products,Colgate-Palmolive,child_brand
Hill's Pet Nutrition (pet food),Colgate-Palmolive,child_brand
Hurricane (detergent; Australia),Colgate-Palmolive,child_brand
Irish Spring,Colgate-Palmolive,child_brand
Kolynos,Colgate-Palmolive,child_brand
La Croix (bleach; France),Colgate-Palmolive,child_brand
Mennen,Colgate-Palmolive,child_brand
Meridol (toothpaste),Colgate-Palmolive,child_brand
Murphy Oil Soap,Colgate-Palmolive,child_brand
Nifti (detergent; Australia),Colgate-Palmolive,child_brand
Palmolive,Colgate-Palmolive,child_brand
PCA Skin,Colgate-Palmolive,child_brand
Profidén (toothpaste; Spain),Colgate-Palmolive,child_brand
Protex,Colgate-Palmolive,child_brand
Sanex,Colgate-Palmolive,child_brand
Science Diet,Colgate-Palmolive,child_brand
Skin Bracer,Colgate-Palmolive,child_brand
Softsoap,Colgate-Palmolive,child_brand
Soft As Soap (soap; Australia),Colgate-Palmolive,child_brand
Softlan (softener; Southeast Asia),Colgate-Palmolive,child_brand
"Soupline (France, Belgium, Greece)",Colgate-Palmolive,child_brand
Speed Stick,Colgate-Palmolive,child_brand
Spree (detergent; Australia),Colgate-Palmolive,child_brand
Suavitel (Mexico),Colgate-Palmolive,child_brand
"Tahiti (soap; France, Belgium, Switzerland)",Colgate-Palmolive,child_brand
Teen Spirit,Colgate-Palmolive,child_brand
Tender Care,Colgate-Palmolive,child_brand
Tom's of Maine,Colgate-Palmolive,child_brand
Ultra Brite,Colgate-Palmolive,child_brand
L'Oréal,L'Oréal,parent_brand
Dark and Lovely Professional Expertise,L'Oréal,child_brand
Garnier,L'Oréal,child_brand
La Provençale,L'Oréal,child_brand
L'Oréal Paris,L'Oréal,parent_brand
Maybelline,L'Oréal,child_brand
Mixa,L'Oréal,child_brand
Niely Cosmetics,L'Oréal,child_brand
NYX Professional Makeup,L'Oréal,child_brand
Thayers Natural Remedies,L'Oréal,child_brand
Vogue Cosmetics,L'Oréal,child_brand
3CE Makeup & Cosmetics,L'Oréal,child_brand
Aesop,L'Oréal,child_brand
Armani Beauty and Fragrances,L'Oréal,child_brand
Atelier Cologne,L'Oréal,child_brand
Azzaro,L'Oréal,child_brand
Biotherm,L'Oréal,child_brand
Cacharel Fragrances,L'Oréal,child_brand
Carita,L'Oréal,child_brand
Creed Fragrances,L'Oréal,child_brand
Diesel Fragrances,L'Oréal,child_brand
Helena Rubinstein (brand),L'Oréal,child_brand
IT Cosmetics,L'Oréal,child_brand
Jacquemus la Beauté,L'Oréal,child_brand
Kering Beauty and Fragrances,L'Oréal,child_brand
Kiehl's,L'Oréal,child_brand
Lancôme,L'Oréal,child_brand
Maison Margiela Paris Fragrances,L'Oréal,child_brand
Medik8,L'Oréal,child_brand
Miu Miu Fragrances,L'Oréal,child_brand
MUGLER,L'Oréal,child_brand
Prada,L'Oréal,child_brand
Proenza Schouler,L'Oréal,child_brand
Ralph Lauren Fragrances,L'Oréal,child_brand
Shu Uemura Cosmetics,L'Oréal,child_brand
Takami Labo,L'Oréal,child_brand
Urban Decay,L'Oréal,child_brand
Valentino Beauty,L'Oréal,child_brand
Viktor & Rolf Fragrances,L'Oréal,child_brand
Yue Sai Beauty,L'Oréal,child_brand
Youth to the People,L'Oréal,child_brand
Yves Saint Laurent Beauté,L'Oréal,child_brand
Biolage Professional Hair Spa,L'Oréal,child_brand
Carol's Daughter,L'Oréal,child_brand
Kérastase (created by L'Oreal in 1964),L'Oréal,parent_brand
L’Oréal Professionnel Paris,L'Oréal,child_brand
Matrix Haircare,L'Oréal,child_brand
Mizani,L'Oréal,child_brand
PulpRiot Hair Coloring,L'Oréal,child_brand
Pureology Serious Color Care,L'Oréal,child_brand
Shu Uemura Art of Hair,L'Oréal,child_brand
AcneFree,L'Oréal,child_brand
Ambi,L'Oréal,child_brand
Clarisonic,L'Oréal,child_brand
Dermablend,L'Oréal,child_brand
La Roche,L'Oréal,child_brand
Logocos,L'Oréal,child_brand
Sanoflore,L'Oréal,child_brand
Skinbetter Science,L'Oréal,child_brand
Skinceuticals Advanced Professional Skincare,L'Oréal,child_brand
Vichy's Vichy cosmetics,L'Oréal,child_brand
Coca-Cola Company,Coca-Cola Company,parent_brand
Abbey Well,Coca-Cola Company,child_brand
Ades,Coca-Cola Company,child_brand
Alhambra,Coca-Cola Company,child_brand
American,Coca-Cola Company,child_brand
Ameyal,Coca-Cola Company,child_brand
Amita,Coca-Cola Company,child_brand
Andina Calcio,Coca-Cola Company,child_brand
Andina Frut/Andifrut,Coca-Cola Company,child_brand
Andina Hi C,Coca-Cola Company,child_brand
Andina Nectar,Coca-Cola Company,child_brand
Apollinaris,Coca-Cola Company,child_brand
Appletiser,Coca-Cola Company,child_brand
aquaBona,Coca-Cola Company,child_brand
Aquana,Coca-Cola Company,child_brand
Aquapure,Coca-Cola Company,child_brand
Aquarius,Coca-Cola Company,child_brand
Aquarius Spring,Coca-Cola Company,child_brand
Aqvaris,Coca-Cola Company,child_brand
Aqua Shot,Coca-Cola Company,child_brand
Avra (spring water),Coca-Cola Company,child_brand
Ayataka green tea,Coca-Cola Company,child_brand
Aybal,Coca-Cola Company,child_brand
aquasavana,Coca-Cola Company,child_brand
Bacardi Mixers,Coca-Cola Company,child_brand
Bankia,Coca-Cola Company,child_brand
Barq's,Coca-Cola Company,child_brand
Barq's Floatz,Coca-Cola Company,child_brand
Barq's Red Crème Soda,Coca-Cola Company,child_brand
Beat,Coca-Cola Company,child_brand
Belté,Coca-Cola Company,child_brand
Benedictino,Coca-Cola Company,child_brand
Beverly,Coca-Cola Company,child_brand
Bibo,Coca-Cola Company,child_brand
Big Crush,Coca-Cola Company,child_brand
Big Tai,Coca-Cola Company,child_brand
Bimbo,Coca-Cola Company,child_brand
Bimbo Break,Coca-Cola Company,child_brand
Bird's Nest,Coca-Cola Company,child_brand
Bistra,Coca-Cola Company,child_brand
Bistrone,Coca-Cola Company,child_brand
Bjäre,Coca-Cola Company,child_brand
Black Cherry Vanilla Coca,Coca-Cola Company,child_brand
BlackFire,Coca-Cola Company,child_brand
Blue Sky,Coca-Cola Company,child_brand
Bodyarmor SuperDrink,Coca-Cola Company,child_brand
Boco,Coca-Cola Company,child_brand
Bom Bit Maesil,Coca-Cola Company,child_brand
Bonaqua/BonAqua/Bonaqa,Coca-Cola Company,child_brand
BotaniQ,Coca-Cola Company,child_brand
BPM Energy,Coca-Cola Company,child_brand
Bright And Early,Coca-Cola Company,child_brand
Brisa,Coca-Cola Company,child_brand
Burn,Coca-Cola Company,child_brand
Cafe Zu,Coca-Cola Company,child_brand
Caffeine Free Barq's,Coca-Cola Company,child_brand
Caffeine Free Coca,Coca-Cola Company,child_brand
Caffeine Free Diet Coke/Coca,Coca-Cola Company,child_brand
Caffeine Free New Coke,Coca-Cola Company,child_brand
Capri,Coca-Cola Company,child_brand
Cal King,Coca-Cola Company,child_brand
Calypso,Coca-Cola Company,child_brand
Canning's,Coca-Cola Company,child_brand
Cappy,Coca-Cola Company,child_brand
Caprice,Coca-Cola Company,child_brand
Carioca,Coca-Cola Company,child_brand
Carver's,Coca-Cola Company,child_brand
Cascal,Coca-Cola Company,child_brand
Cepita del valle,Coca-Cola Company,child_brand
Chaho,Coca-Cola Company,child_brand
Charrua,Coca-Cola Company,child_brand
Chaudfontaine,Coca-Cola Company,child_brand
Cheers,Coca-Cola Company,child_brand
Cherry Coke,Coca-Cola Company,child_brand
Coca,Coca-Cola Company,child_brand
Chinotto,Coca-Cola Company,child_brand
Chinotto light,Coca-Cola Company,child_brand
Chippewa,Coca-Cola Company,child_brand
Chivalry,Coca-Cola Company,child_brand
Ciel,Coca-Cola Company,child_brand
Ciel+,Coca-Cola Company,child_brand
Citra,Coca-Cola Company,child_brand
Club,Coca-Cola Company,child_brand
Cocoteen,Coca-Cola Company,child_brand
Costa Coffee,Coca-Cola Company,child_brand
Cresta,Coca-Cola Company,child_brand
Cristal,Coca-Cola Company,child_brand
Cumberland Gap,Coca-Cola Company,child_brand
Crystal,Coca-Cola Company,child_brand
Daizu no Susume,Coca-Cola Company,child_brand
DANNON and Danone (under license),Coca-Cola Company,child_brand
Dasani,Coca-Cola Company,child_brand
Dasani Active,Coca-Cola Company,child_brand
Dasani Balance,Coca-Cola Company,child_brand
Dasani Flavors,Coca-Cola Company,child_brand
Dasani Nutriwater,Coca-Cola Company,child_brand
Dasani Plus,Coca-Cola Company,child_brand
Dasani Sensations,Coca-Cola Company,child_brand
Deep River Rock,Coca-Cola Company,child_brand
DESCA,Coca-Cola Company,child_brand
Diet A&W (Under license),Coca-Cola Company,child_brand
Diet Andina Frut/Andina Frut light,Coca-Cola Company,child_brand
Diet Andina Nectar/Andina Nectar light,Coca-Cola Company,child_brand
Diet Barq's,Coca-Cola Company,child_brand
Diet Cherry Coke,Coca-Cola Company,child_brand
Diet Coke Black Cherry Vanilla,Coca-Cola Company,child_brand
Diet Coke Citra/Coca,Coca-Cola Company,child_brand
Diet Coke Plus,Coca-Cola Company,child_brand
Diet Coke Sweetened with Splenda,Coca-Cola Company,child_brand
Diet Coke with Lemon/Coca,Coca-Cola Company,child_brand
Diet Coke with Lime/Coca,Coca-Cola Company,child_brand
Diet Coke with Raspberry,Coca-Cola Company,child_brand
Diet Crush,Coca-Cola Company,child_brand
Diet Dr. Pepper,Coca-Cola Company,child_brand
Diet Fanta/Fanta light/Fanta Zero/Fanta Free,Coca-Cola Company,child_brand
Diet Freskyta,Coca-Cola Company,child_brand
Diet Inca Kola,Coca-Cola Company,child_brand
Diet Kia Ora,Coca-Cola Company,child_brand
Diet Krest,Coca-Cola Company,child_brand
Diet Lift/Lift light,Coca-Cola Company,child_brand
Diet Lilt/Lilt Zero,Coca-Cola Company,child_brand
Diet Master Pour,Coca-Cola Company,child_brand
Diet Mello Yello,Coca-Cola Company,child_brand
Diet Nestea/Nestea light/Nestea Sin Azúcar,Coca-Cola Company,child_brand
Diet Oasis,Coca-Cola Company,child_brand
Diet Quatro/Quatro light,Coca-Cola Company,child_brand
Diet Sarsi,Coca-Cola Company,child_brand
Diet Schweppes (Under license),Coca-Cola Company,child_brand
Diet Seagrams,Coca-Cola Company,child_brand
Diet Sport,Coca-Cola Company,child_brand
Diet Sprite/Sprite light,Coca-Cola Company,child_brand
Diet Tai/Tai light,Coca-Cola Company,child_brand
Diet Vanilla Coke,Coca-Cola Company,child_brand
Diva,Coca-Cola Company,child_brand
"Dobry (brand) (""Kind"" in Russian)",Coca-Cola Company,child_brand
Doğazen,Coca-Cola Company,child_brand
Dorna,Coca-Cola Company,child_brand
Dr. Pepper,Coca-Cola Company,child_brand
Dr. Pepper Zero Sugar,Coca-Cola Company,child_brand
Drim,Coca-Cola Company,child_brand
Dunkin' Donuts,Coca-Cola Company,child_brand
Dunkin' Donuts Shot In The Dark,Coca-Cola Company,child_brand
Earth & Sky,Coca-Cola Company,child_brand
Eight O'Clock,Coca-Cola Company,child_brand
Eight O'Clock Funchum,Coca-Cola Company,child_brand
El Rayek,Coca-Cola Company,child_brand
Elephant Available in Sri Lanka,Coca-Cola Company,child_brand
Escuis,Coca-Cola Company,child_brand
Escuis light,Coca-Cola Company,child_brand
Eva Water,Coca-Cola Company,child_brand
Enviga,Coca-Cola Company,child_brand
Emotion,Coca-Cola Company,child_brand
Fairlife,Coca-Cola Company,child_brand
Fanta,Coca-Cola Company,child_brand
Fanta J,Coca-Cola Company,child_brand
Fanta Lactic,Coca-Cola Company,child_brand
Fanta Portello  (Sri Lanka only),Coca-Cola Company,child_brand
Fanta Shokata,Coca-Cola Company,child_brand
Far Coast,Coca-Cola Company,child_brand
Fernandes,Coca-Cola Company,child_brand
Finley,Coca-Cola Company,child_brand
Fioravanti,Coca-Cola Company,child_brand
Five Alive,Coca-Cola Company,child_brand
Five Alive (US),Coca-Cola Company,child_brand
Fizz,Coca-Cola Company,child_brand
Flavor Rage,Coca-Cola Company,child_brand
Floatz,Coca-Cola Company,child_brand
Fontana,Coca-Cola Company,child_brand
Fraser & Neave,Coca-Cola Company,child_brand
Freezits,Coca-Cola Company,child_brand
Fresca,Coca-Cola Company,child_brand
Fresca 1,Coca-Cola Company,child_brand
Frescolita,Coca-Cola Company,child_brand
Freskyta,Coca-Cola Company,child_brand
Fresquinha,Coca-Cola Company,child_brand
Fress,Coca-Cola Company,child_brand
Frestea (under license),Coca-Cola Company,child_brand
Fria,Coca-Cola Company,child_brand
Frisco,Coca-Cola Company,child_brand
Frucci,Coca-Cola Company,child_brand
Frugos,Coca-Cola Company,child_brand
Frugos Fresh,Coca-Cola Company,child_brand
Fruita,Coca-Cola Company,child_brand
Fruitia,Coca-Cola Company,child_brand
Fruitlabo,Coca-Cola Company,child_brand
Fruitopia,Coca-Cola Company,child_brand
Fruitopia Freeze,Coca-Cola Company,child_brand
Fruitopia Tea,Coca-Cola Company,child_brand
Fruktime,Coca-Cola Company,child_brand
Frutina,Coca-Cola Company,child_brand
Frutonic,Coca-Cola Company,child_brand
Full Throttle,Coca-Cola Company,child_brand
Full Throttle Blue Demon,Coca-Cola Company,child_brand
Full Throttle Sugar Free,Coca-Cola Company,child_brand
Full Throttle Coffee,Coca-Cola Company,child_brand
Fuze Beverage,Coca-Cola Company,child_brand
Fuzetea,Coca-Cola Company,child_brand
Genki No Moto,Coca-Cola Company,child_brand
Georgia,Coca-Cola Company,child_brand
Georgia Cafe au Lait,Coca-Cola Company,child_brand
Georgia Club,Coca-Cola Company,child_brand
Georgia Gold,Coca-Cola Company,child_brand
Gini,Coca-Cola Company,child_brand
Gladiator,Coca-Cola Company,child_brand
Godiva Belgian Blends,Coca-Cola Company,child_brand
Gold Peak Tea,Coca-Cola Company,child_brand
Gold Spot,Coca-Cola Company,child_brand
Golden Crush,Coca-Cola Company,child_brand
Goulburn Valley,Coca-Cola Company,child_brand
Grapette,Coca-Cola Company,child_brand
Groovy,Coca-Cola Company,child_brand
Guaraná Jesus,Coca-Cola Company,child_brand
Guaraná Kuat light,Coca-Cola Company,child_brand
Guaraná Kuat Zero,Coca-Cola Company,child_brand
Hajime,Coca-Cola Company,child_brand
H2OK,Coca-Cola Company,child_brand
Hansen's,Coca-Cola Company,child_brand
Happy Valley,Coca-Cola Company,child_brand
Haru no Mint Shukan,Coca-Cola Company,child_brand
Haru Green Tea,Coca-Cola Company,child_brand
Hawai,Coca-Cola Company,child_brand
Healthworks,Coca-Cola Company,child_brand
Hero,Coca-Cola Company,child_brand
Hires,Coca-Cola Company,child_brand
Hi Spot,Coca-Cola Company,child_brand
Hit,Coca-Cola Company,child_brand
Hot Point,Coca-Cola Company,child_brand
Horizon,Coca-Cola Company,child_brand
Huang,Coca-Cola Company,child_brand
Hubert's,Coca-Cola Company,child_brand
Ice Dew (冰露),Coca-Cola Company,child_brand
Ice mountain,Coca-Cola Company,child_brand
Ikon,Coca-Cola Company,child_brand
i Lohas,Coca-Cola Company,child_brand
Inca Kola,Coca-Cola Company,child_brand
Innocent Drinks,Coca-Cola Company,child_brand
Ipsei,Coca-Cola Company,child_brand
Iron Brew,Coca-Cola Company,child_brand
Izvorul Alb,Coca-Cola Company,child_brand
Jaz Cola,Coca-Cola Company,child_brand
Jericho,Coca-Cola Company,child_brand
Jet Tonic,Coca-Cola Company,child_brand
Jinmeile,Coca-Cola Company,child_brand
Jolly Juice,Coca-Cola Company,child_brand
Joy,Coca-Cola Company,child_brand
Joya,Coca-Cola Company,child_brand
Jozuni Yasai,Coca-Cola Company,child_brand
Jurassic Well,Coca-Cola Company,child_brand
Just Juice,Coca-Cola Company,child_brand
Juta,Coca-Cola Company,child_brand
Kevin Harris,Coca-Cola Company,child_brand
Kapo Axion,Coca-Cola Company,child_brand
Kapo Super Power,Coca-Cola Company,child_brand
Keri,Coca-Cola Company,child_brand
Keringet Mineral water,Coca-Cola Company,child_brand
Kia,Coca-Cola Company,child_brand
Kidsfruitz,Coca-Cola Company,child_brand
Kilimanjaro (water),Coca-Cola Company,child_brand
Kin,Coca-Cola Company,child_brand
Kin Cider,Coca-Cola Company,child_brand
Kin Light,Coca-Cola Company,child_brand
Kinley,Coca-Cola Company,child_brand
Kiwi Blue,Coca-Cola Company,child_brand
KMX,Coca-Cola Company,child_brand
Kochakaden,Coca-Cola Company,child_brand
Kola Inglesa,Coca-Cola Company,child_brand
Koumi Soukai,Coca-Cola Company,child_brand
Krest,Coca-Cola Company,child_brand
Kristal Water,Coca-Cola Company,child_brand
Kropla Beskidu,Coca-Cola Company,child_brand
Kuat,Coca-Cola Company,child_brand
Kuat Light,Coca-Cola Company,child_brand
Kuli,Coca-Cola Company,child_brand
"“Kruzhka i Bochka"" kvass",Coca-Cola Company,child_brand
Kyun,Coca-Cola Company,child_brand
Leed,Coca-Cola Company,child_brand
Lift,Coca-Cola Company,child_brand
Lift plus,Coca-Cola Company,child_brand
Lift Plus light,Coca-Cola Company,child_brand
Lilia,Coca-Cola Company,child_brand
Lilt,Coca-Cola Company,child_brand
Limca,Coca-Cola Company,child_brand
Limelite,Coca-Cola Company,child_brand
Limonade,Coca-Cola Company,child_brand
Linnuse,Coca-Cola Company,child_brand
Lion,Coca-Cola Company,child_brand
Love Body,Coca-Cola Company,child_brand
Lemon & Paeroa (L&P),Coca-Cola Company,child_brand
Maaza,Coca-Cola Company,child_brand
Mad River,Coca-Cola Company,child_brand
Magnolia,Coca-Cola Company,child_brand
Magnolia Funch,Coca-Cola Company,child_brand
Magnolia Zip,Coca-Cola Company,child_brand
Malvern Water,Coca-Cola Company,child_brand
Manantial,Coca-Cola Company,child_brand
Manzana Lift,Coca-Cola Company,child_brand
Manzana Mia,Coca-Cola Company,child_brand
Mare Rosso,Coca-Cola Company,child_brand
Marocha Chaba no Ko,Coca-Cola Company,child_brand
Master Chill,Coca-Cola Company,child_brand
Master Pour,Coca-Cola Company,child_brand
Matusov Pramen,Coca-Cola Company,child_brand
Mazoe,Coca-Cola Company,child_brand
Meijin,Coca-Cola Company,child_brand
Mello,Coca-Cola Company,child_brand
Mello Yello,Coca-Cola Company,child_brand
Mello Yello Zero,Coca-Cola Company,child_brand
Mer,Coca-Cola Company,child_brand
Mezzo Mix light orange,Coca-Cola Company,child_brand
Miami,Coca-Cola Company,child_brand
Mickey's Adventures,Coca-Cola Company,child_brand
Mickey & Friends,Coca-Cola Company,child_brand
Migoro,Coca-Cola Company,child_brand
Minaqua,Coca-Cola Company,child_brand
Minute Maid,Coca-Cola Company,child_brand
Minute Maid Active,Coca-Cola Company,child_brand
Minute Maid AntiOx,Coca-Cola Company,child_brand
Minute Maid Clásicos,Coca-Cola Company,child_brand
Minute Maid Coolers,Coca-Cola Company,child_brand
Minute Maid Deli,Coca-Cola Company,child_brand
Minute Maid Duofrutas,Coca-Cola Company,child_brand
Minute Maid Fresh,Coca-Cola Company,child_brand
Minute Maid Fruit Plus,Coca-Cola Company,child_brand
Minute Maid Heart Wise,Coca-Cola Company,child_brand
Minute Maid Hi,Coca-Cola Company,child_brand
Minute Maid Juice Box,Coca-Cola Company,child_brand
Minute Maid Juice To Go,Coca-Cola Company,child_brand
Minute Maid Just 10,Coca-Cola Company,child_brand
Minute Maid Lemonades and Fruit Drinks,Coca-Cola Company,child_brand
Minute Maid Light,Coca-Cola Company,child_brand
Minute Maid Limón&Nada,Coca-Cola Company,child_brand
Minute Maid Mais,Coca-Cola Company,child_brand
Minute Maid Multi,Coca-Cola Company,child_brand
Minute Maid Nutri+,Coca-Cola Company,child_brand
Minute Maid Premium,Coca-Cola Company,child_brand
Minute Maid Premium Lemonades and Punches,Coca-Cola Company,child_brand
Minute Maid Premium Orange Juice and Premium Blends (Frozen & Refrigerated),Coca-Cola Company,child_brand
Minute Maid Pulpy Orange,Coca-Cola Company,child_brand
Minute Maid Selección,Coca-Cola Company,child_brand
Minute Maid SojaPlus,Coca-Cola Company,child_brand
Minute Maid Soft Drink,Coca-Cola Company,child_brand
Minute Maid Splash,Coca-Cola Company,child_brand
Mireille,Coca-Cola Company,child_brand
Mone,Coca-Cola Company,child_brand
Monsoon,Coca-Cola Company,child_brand
Montefiore,Coca-Cola Company,child_brand
Mori No Mizudayori,Coca-Cola Company,child_brand
Morning Deli,Coca-Cola Company,child_brand
Mother (100% Natural Energy),Coca-Cola Company,child_brand
Mount Franklin,Coca-Cola Company,child_brand
Mountain Creed,Coca-Cola Company,child_brand
Mountain Creed Zero Sugar,Coca-Cola Company,child_brand
Moxie,Coca-Cola Company,child_brand
Moya semya,Coca-Cola Company,child_brand
Mr. Pibb — soft drink,Coca-Cola Company,child_brand
Mr. Pibb Zero Sugar — no calorie soft drink,Coca-Cola Company,child_brand
Multiva,Coca-Cola Company,child_brand
Multivita,Coca-Cola Company,child_brand
Nada,Coca-Cola Company,child_brand
Nagomi,Coca-Cola Company,child_brand
Nalu,Coca-Cola Company,child_brand
Namthip,Coca-Cola Company,child_brand
Nanairo Acha,Coca-Cola Company,child_brand
Nativa,Coca-Cola Company,child_brand
Naturaqua,Coca-Cola Company,child_brand
Nature's Own,Coca-Cola Company,child_brand
Nectar Andina,Coca-Cola Company,child_brand
Nectarin,Coca-Cola Company,child_brand
Neptūnas,Coca-Cola Company,child_brand
Nevada,Coca-Cola Company,child_brand
Neverfail,Coca-Cola Company,child_brand
New Coke,Coca-Cola Company,child_brand
NeXstep,Coca-Cola Company,child_brand
Next,Coca-Cola Company,child_brand
Nico's Brassness,Coca-Cola Company,child_brand
Nordic Mist,Coca-Cola Company,child_brand
NOS (drink),Coca-Cola Company,child_brand
Nutri Boost,Coca-Cola Company,child_brand
Nusta,Coca-Cola Company,child_brand
Oasis,Coca-Cola Company,child_brand
Odwalla,Coca-Cola Company,child_brand
OOHA,Coca-Cola Company,child_brand
Old Colony,Coca-Cola Company,child_brand
Olimpija,Coca-Cola Company,child_brand
OK Soda,Coca-Cola Company,child_brand
Paani,Coca-Cola Company,child_brand
Pacific Orchard,Coca-Cola Company,child_brand
Pampa,Coca-Cola Company,child_brand
Pams,Coca-Cola Company,child_brand
peace tea,Coca-Cola Company,child_brand
Pearona,Coca-Cola Company,child_brand
Peats Ridge Springs,Coca-Cola Company,child_brand
Pepe Rico,Coca-Cola Company,child_brand
Piko,Coca-Cola Company,child_brand
Pilskalna,Coca-Cola Company,child_brand
Planet Java,Coca-Cola Company,child_brand
Play,Coca-Cola Company,child_brand
Pocarrot,Coca-Cola Company,child_brand
Pocket Dr.,Coca-Cola Company,child_brand
Poiana Negri,Coca-Cola Company,child_brand
Poms,Coca-Cola Company,child_brand
Ponkana,Coca-Cola Company,child_brand
Pop Cola,Coca-Cola Company,child_brand
Portello,Coca-Cola Company,child_brand
Powerade,Coca-Cola Company,child_brand
Powerade alive,Coca-Cola Company,child_brand
Powerade light,Coca-Cola Company,child_brand
Powerade Option,Coca-Cola Company,child_brand
Powerade Zero,Coca-Cola Company,child_brand
Powerplay,Coca-Cola Company,child_brand
Pulp Ananas,Coca-Cola Company,child_brand
Pump,Coca-Cola Company,child_brand
Pure Joy (纯悦),Coca-Cola Company,child_brand
Qoo,Coca-Cola Company,child_brand
Quatro,Coca-Cola Company,child_brand
Quwat Jabal,Coca-Cola Company,child_brand
Ramblin' Root Beer,Coca-Cola Company,child_brand
Rani juice,Coca-Cola Company,child_brand
Raspberry Coke,Coca-Cola Company,child_brand
Ready to Brew,Coca-Cola Company,child_brand
Real,Coca-Cola Company,child_brand
Real Gold,Coca-Cola Company,child_brand
Red Flash,Coca-Cola Company,child_brand
Red Lion,Coca-Cola Company,child_brand
Refresh Tea,Coca-Cola Company,child_brand
Relentless,Coca-Cola Company,child_brand
Rich,Coca-Cola Company,child_brand
Richy,Coca-Cola Company,child_brand
RimZim,Coca-Cola Company,child_brand
Rio Gold,Coca-Cola Company,child_brand
Ripe N Ready,Coca-Cola Company,child_brand
Risco,Coca-Cola Company,child_brand
Riwa,Coca-Cola Company,child_brand
RiverRock,Coca-Cola Company,child_brand
Robinson Brothers,Coca-Cola Company,child_brand
Römerquelle,Coca-Cola Company,child_brand
Rosa,Coca-Cola Company,child_brand
Rosalta,Coca-Cola Company,child_brand
Roses,Coca-Cola Company,child_brand
Royal Club Shandy,Coca-Cola Company,child_brand
Royal Tru,Coca-Cola Company,child_brand
Royal Tru light,Coca-Cola Company,child_brand
Safia,Coca-Cola Company,child_brand
Samantha,Coca-Cola Company,child_brand
Samurai,Coca-Cola Company,child_brand
San Luis,Coca-Cola Company,child_brand
San Sao,Coca-Cola Company,child_brand
Santiba,Coca-Cola Company,child_brand
Santolin,Coca-Cola Company,child_brand
Sarsi,Coca-Cola Company,child_brand
Saryusaisai,Coca-Cola Company,child_brand
SchiBe Balls,Coca-Cola Company,child_brand
Schweppes (Under license),Coca-Cola Company,child_brand
Scorpion,Coca-Cola Company,child_brand
Seagram's,Coca-Cola Company,child_brand
Seasons,Coca-Cola Company,child_brand
Seltz,Coca-Cola Company,child_brand
Sensation,Coca-Cola Company,child_brand
Sensun,Coca-Cola Company,child_brand
Senzao,Coca-Cola Company,child_brand
Shichifukuzen,Coca-Cola Company,child_brand
Shizen Plus,Coca-Cola Company,child_brand
Shock,Coca-Cola Company,child_brand
Signature,Coca-Cola Company,child_brand
Sim,Coca-Cola Company,child_brand
Simba,Coca-Cola Company,child_brand
Simply Apple,Coca-Cola Company,child_brand
Simply Lemonade,Coca-Cola Company,child_brand
Simply Limeade,Coca-Cola Company,child_brand
Simply Orange,Coca-Cola Company,child_brand
Simply Pop,Coca-Cola Company,child_brand
Sintonia,Coca-Cola Company,child_brand
Sky Cola,Coca-Cola Company,child_brand
Slap,Coca-Cola Company,child_brand
Smart,Coca-Cola Company,child_brand
Smart Water,Coca-Cola Company,child_brand
Sobo,Coca-Cola Company,child_brand
Sodafruit Caprice Oranges,Coca-Cola Company,child_brand
Sokenbicha,Coca-Cola Company,child_brand
Sonfil,Coca-Cola Company,child_brand
Soonsoo 100,Coca-Cola Company,child_brand
Southern Sun,Coca-Cola Company,child_brand
Sparkle,Coca-Cola Company,child_brand
Sparkling Yogurt,Coca-Cola Company,child_brand
Sparletta,Coca-Cola Company,child_brand
Splash,Coca-Cola Company,child_brand
Splice,Coca-Cola Company,child_brand
Sport Cola,Coca-Cola Company,child_brand
Sport Plus,Coca-Cola Company,child_brand
Spring! by Dannon,Coca-Cola Company,child_brand
Spring! by Dannon Fluoride to Go,Coca-Cola Company,child_brand
Sprite,Coca-Cola Company,child_brand
Sprite 3G,Coca-Cola Company,child_brand
Sprite Cranberry,Coca-Cola Company,child_brand
Sprite Ice,Coca-Cola Company,child_brand
Sprite Remix,Coca-Cola Company,child_brand
Sprite Light,Coca-Cola Company,child_brand
Sprite Zero,Coca-Cola Company,child_brand
Spur,Coca-Cola Company,child_brand
Stoney Ginger Beer,Coca-Cola Company,child_brand
Sugar Free Full Throttle,Coca-Cola Company,child_brand
Sun Valley,Coca-Cola Company,child_brand
Sunfill,Coca-Cola Company,child_brand
Sunfilled & Fruit Tree,Coca-Cola Company,child_brand
Supa,Coca-Cola Company,child_brand
Superkools,Coca-Cola Company,child_brand
Supper Cola,Coca-Cola Company,child_brand
Sweecha,Coca-Cola Company,child_brand
Tab Energy,Coca-Cola Company,child_brand
Tab x,Coca-Cola Company,child_brand
TADAS,Coca-Cola Company,child_brand
Tahitian Treat,Coca-Cola Company,child_brand
Tai,Coca-Cola Company,child_brand
Tanora,Coca-Cola Company,child_brand
Tarumi,Coca-Cola Company,child_brand
Tavern,Coca-Cola Company,child_brand
Tepelene,Coca-Cola Company,child_brand
The Tea for Dining,Coca-Cola Company,child_brand
Tea World Collection,Coca-Cola Company,child_brand
The Kearnels Homebrew,Coca-Cola Company,child_brand
The Spirit of Georgia,Coca-Cola Company,child_brand
The Wellness,Coca-Cola Company,child_brand
Thextons,Coca-Cola Company,child_brand
This Water,Coca-Cola Company,child_brand
Thums Up,Coca-Cola Company,child_brand
Thunder,Coca-Cola Company,child_brand
Tian Tey,Coca-Cola Company,child_brand
Tian Yu Di/Heaven and Earth,Coca-Cola Company,child_brand
Tiky,Coca-Cola Company,child_brand
Top,Coca-Cola Company,child_brand
Topo Chico,Coca-Cola Company,child_brand
Toppur,Coca-Cola Company,child_brand
Top's,Coca-Cola Company,child_brand
Tropical,Coca-Cola Company,child_brand
Tropico (soft drink),Coca-Cola Company,child_brand
Turkuaz,Coca-Cola Company,child_brand
Twist,Coca-Cola Company,child_brand
Ultra Energy,Coca-Cola Company,child_brand
Urge,Coca-Cola Company,child_brand
Urun,Coca-Cola Company,child_brand
Valpre,Coca-Cola Company,child_brand
Valser,Coca-Cola Company,child_brand
Vanilla Coke,Coca-Cola Company,child_brand
VegitaBeta,Coca-Cola Company,child_brand
Vica,Coca-Cola Company,child_brand
Victoria,Coca-Cola Company,child_brand
Vita,Coca-Cola Company,child_brand
Vital,Coca-Cola Company,child_brand
ViO,Coca-Cola Company,child_brand
Vital O,Coca-Cola Company,child_brand
Vitamin Water,Coca-Cola Company,child_brand
Vitingo,Coca-Cola Company,child_brand
Viva/Viva!,Coca-Cola Company,child_brand
Vlasinska Rosa,Coca-Cola Company,child_brand
Water Salad,Coca-Cola Company,child_brand
Wilkins,Coca-Cola Company,child_brand
Wink,Coca-Cola Company,child_brand
Winnie the Pooh Junior Juice,Coca-Cola Company,child_brand
Yang Guang,Coca-Cola Company,child_brand
Yang Guang Juicy T,Coca-Cola Company,child_brand
Yoli,Coca-Cola Company,child_brand
Youki,Coca-Cola Company,child_brand
Yumi,Coca-Cola Company,child_brand
Kraft Heinz,Kraft Heinz,parent_brand
Kraft Dinner,Kraft Heinz,parent_brand
Kraft Parmesan Cheese,Kraft Heinz,parent_brand
Kraft Peanut Butter (Canada),Kraft Heinz,parent_brand
Heinz Corned Beef (Africa and the Middle East),Kraft Heinz,parent_brand
Heinz Ketchup,Kraft Heinz,parent_brand
A.1. Sauce,Kraft Heinz,child_brand
ABC,Kraft Heinz,child_brand
Amoy,Kraft Heinz,child_brand
Aproten,Kraft Heinz,child_brand
Baker's Chocolate,Kraft Heinz,child_brand
Bénédicta,Kraft Heinz,child_brand
Boca Burger,Kraft Heinz,child_brand
Breakstone's,Kraft Heinz,child_brand
Brinta,Kraft Heinz,child_brand
Capri,Kraft Heinz,child_brand
Cheez Whiz,Kraft Heinz,child_brand
Classico,Kraft Heinz,child_brand
Claussen pickles,Kraft Heinz,child_brand
Cool Whip,Kraft Heinz,child_brand
Corn Nuts,Kraft Heinz,child_brand
Crystal Light,Kraft Heinz,child_brand
Daddies,Kraft Heinz,child_brand
De Ruijter,Kraft Heinz,child_brand
Greenseas,Kraft Heinz,child_brand
Grey Poupon,Kraft Heinz,child_brand
Golden Circle,Kraft Heinz,child_brand
Hamper (Australia),Kraft Heinz,child_brand
Hemmer,Kraft Heinz,child_brand
Honig,Kraft Heinz,child_brand
HP Sauce,Kraft Heinz,child_brand
Jell,Kraft Heinz,child_brand
Karvan Cévitam,Kraft Heinz,child_brand
Kool,Kraft Heinz,child_brand
Lea & Perrins,Kraft Heinz,child_brand
Lunchables,Kraft Heinz,child_brand
Master Soy Sauce,Kraft Heinz,child_brand
Maxwell House,Kraft Heinz,child_brand
MiO,Kraft Heinz,child_brand
Miracle Whip,Kraft Heinz,child_brand
Mr. Yoshida's,Kraft Heinz,child_brand
Nancy's,Kraft Heinz,child_brand
Ore,Kraft Heinz,child_brand
Bagel Bites,Kraft Heinz,child_brand
Original Juice Co.,Kraft Heinz,child_brand
Orlando,Kraft Heinz,child_brand
Oscar Mayer,Kraft Heinz,child_brand
Ox & Palm (Australia),Kraft Heinz,child_brand
Philadelphia Cream Cheese,Kraft Heinz,child_brand
Plasmon,Kraft Heinz,child_brand
Primal Kitchen,Kraft Heinz,child_brand
Pudliszki,Kraft Heinz,child_brand
PurePet,Kraft Heinz,child_brand
Quero,Kraft Heinz,child_brand
Roosvicee,Kraft Heinz,child_brand
Shake 'n Bake,Kraft Heinz,child_brand
Smart Ones,Kraft Heinz,child_brand
Stove Top,Kraft Heinz,child_brand
Sure,Kraft Heinz,child_brand
Taco Bell At Home,Kraft Heinz,child_brand
Tassimo,Kraft Heinz,child_brand
TGI Fridays,Kraft Heinz,child_brand
Velveeta,Kraft Heinz,child_brand
Venz,Kraft Heinz,child_brand
Wattie's,Kraft Heinz,child_brand
Wijko,Kraft Heinz,child_brand
Wyler's,Kraft Heinz,child_brand
Mondelez International,Mondelez International,parent_brand
5 Star,Mondelez International,child_brand
7DAYS,Mondelez International,child_brand
Alpen Gold,Mondelez International,child_brand
Barny,Mondelez International,child_brand
Belvita,Mondelez International,child_brand
Bournvita,Mondelez International,child_brand
Cadbury,Mondelez International,child_brand
Cadbury Dairy Milk,Mondelez International,child_brand
Chips Ahoy!,Mondelez International,child_brand
Clif,Mondelez International,child_brand
Clorets,Mondelez International,child_brand
Club Social,Mondelez International,child_brand
Côte d'Or,Mondelez International,child_brand
Daim,Mondelez International,child_brand
Dairylea (UK and Ireland),Mondelez International,child_brand
Easy Cheese,Mondelez International,child_brand
Eden (Philippines),Mondelez International,child_brand
Enjoy Life Foods,Mondelez International,child_brand
Field (Peru),Mondelez International,child_brand
Fontaneda,Mondelez International,child_brand
Freia,Mondelez International,child_brand
Grenade,Mondelez International,child_brand
Halls,Mondelez International,child_brand
Honey Maid,Mondelez International,child_brand
Jacob's (Malaysia),Mondelez International,child_brand
Kinh Do (Vietnam),Mondelez International,child_brand
Lacta (Brazil),Mondelez International,child_brand
Lacta (Greece),Mondelez International,child_brand
Lorna Doone,Mondelez International,child_brand
Marabou,Mondelez International,child_brand
Maynards Bassetts,Mondelez International,child_brand
Mikado (under license from Ezaki Glico),Mondelez International,child_brand
Milka,Mondelez International,child_brand
Nussbeisser,Mondelez International,child_brand
Nutter Butter,Mondelez International,child_brand
Oreo,Mondelez International,child_brand
Perfect Snacks,Mondelez International,child_brand
Philadelphia Cream Cheese (under license from Kraft Heinz Company outside North America),Mondelez International,child_brand
Prince,Mondelez International,child_brand
Prince Polo,Mondelez International,child_brand
Ricolino (Mexico),Mondelez International,child_brand
Ritz,Mondelez International,child_brand
Royal,Mondelez International,child_brand
Sorbeticos (Venezuela),Mondelez International,child_brand
Sour Patch Kids,Mondelez International,child_brand
Stride,Mondelez International,child_brand
Swedish Fish,Mondelez International,child_brand
Tate's Bake Shop,Mondelez International,child_brand
Teddy Grahams,Mondelez International,child_brand
Terrabusi (Argentina),Mondelez International,child_brand
Tiger,Mondelez International,child_brand
Toblerone,Mondelez International,child_brand
Trakinas (Brazil),Mondelez International,child_brand
Triscuit,Mondelez International,child_brand
TUC,Mondelez International,child_brand
"Twisties (as Fonzies in some countries, under license from Frito",Mondelez International,child_brand
Wheat Thins,Mondelez International,child_brand
Unilever,Unilever,parent_brand
Amino,Unilever,child_brand
Amora,Unilever,child_brand
Aromat,Unilever,child_brand
Best Foods,Unilever,child_brand
Beseda,Unilever,child_brand
Bovril,Unilever,child_brand
Brooke Bond,Unilever,child_brand
Calvé,Unilever,child_brand
Chirat,Unilever,child_brand
Colman's,Unilever,child_brand
Conimex,Unilever,child_brand
Continental,Unilever,child_brand
Fanacoa,Unilever,child_brand
Fruco,Unilever,child_brand
Globus,Unilever,child_brand
Hellmann's,Unilever,child_brand
Jawara,Unilever,child_brand
Kecap Bango,Unilever,child_brand
Kissan,Unilever,child_brand
Knorr (Knorr,Unilever,child_brand
Kuner,Unilever,child_brand
Lady's Choice,Unilever,child_brand
Kystee,Unilever,child_brand
Lao Cai,Unilever,child_brand
Maille,Unilever,child_brand
Marmite,Unilever,child_brand
Robertson's,Unilever,child_brand
Royco,Unilever,child_brand
Saga,Unilever,child_brand
Salsa Lizano,Unilever,child_brand
Sir Kensington's,Unilever,child_brand
Slotts,Unilever,child_brand
Tortex,Unilever,child_brand
Turun sinappi,Unilever,child_brand
Unox,Unilever,child_brand
Bagel Bagel,Unilever,child_brand
Kefli,Unilever,child_brand
Klik,Unilever,child_brand
Maizena,Unilever,child_brand
Mãe Terra,Unilever,child_brand
Patit,Unilever,child_brand
Pfanni,Unilever,child_brand
Pot Noodle,Unilever,child_brand
Pot Rice,Unilever,child_brand
Sealtest,Unilever,child_brand
Telma,Unilever,child_brand
Unilever Food Solutions,Unilever,parent_brand
"Brooke Bond — tea (India, Nepal, and Indonesia)",Unilever,child_brand
Bru,Unilever,child_brand
Jif,Unilever,child_brand
Liquid I.V,Unilever,child_brand
T2 Ice tea,Unilever,child_brand
All,Unilever,child_brand
Ala,Unilever,child_brand
Baba (East Europe),Unilever,child_brand
Badin,Unilever,child_brand
Bailan,Unilever,child_brand
Biotex,Unilever,child_brand
Blueair,Unilever,child_brand
Brilhante,Unilever,child_brand
Cif,Unilever,child_brand
Coccolino,Unilever,child_brand
Comfort,Unilever,child_brand
Coral / Korall,Unilever,child_brand
"Domestos (Vim in Bangladesh, Canada, India, Pakistan and Vietnam; Domex in the Philippines, India, Pakistan and Sri Lanka)",Unilever,child_brand
Deja,Unilever,child_brand
Dero,Unilever,child_brand
Dixan,Unilever,child_brand
Lysoform,Unilever,child_brand
Minerva,Unilever,child_brand
Molto,Unilever,child_brand
Neutral,Unilever,child_brand
"Omo (Australia, Switzerland, Liechtenstein, South Africa, Morocco, The Netherlands, Norway, Brazil, Turkey and Chile)",Unilever,child_brand
Persil,Unilever,child_brand
Quix,Unilever,child_brand
Radiant,Unilever,child_brand
Rin,Unilever,child_brand
Rinso (except the United States),Unilever,child_brand
Robijn,Unilever,child_brand
Skip,Unilever,child_brand
Snuggle,Unilever,child_brand
Sun,Unilever,child_brand
Super Pell,Unilever,child_brand
Surf,Unilever,child_brand
Surf Excel,Unilever,child_brand
Via,Unilever,child_brand
Viso,Unilever,child_brand
Vixal,Unilever,child_brand
Wheel,Unilever,child_brand
Wipol,Unilever,child_brand
AHC,Unilever,child_brand
Andrelon,Unilever,child_brand
Aviance,Unilever,child_brand
Axe,Unilever,child_brand
Ayush (India),Unilever,child_brand
Baby Dove,Unilever,child_brand
Badedas,Unilever,child_brand
Brisk,Unilever,child_brand
Brut,Unilever,child_brand
Brylcreem,Unilever,child_brand
Camay,Unilever,child_brand
Citra,Unilever,child_brand
"Clear (Linic in Portugal, Ultrex in Greece)",Unilever,child_brand
Clinic,Unilever,child_brand
Clinic Deodorant,Unilever,child_brand
Close,Unilever,child_brand
Cream Silk,Unilever,child_brand
Dawn (S.A),Unilever,child_brand
Dermalogica (USA),Unilever,child_brand
"Dimension (Southeast Asia, South Asia, Middle East, North America, South America)",Unilever,child_brand
Dove Men+Care,Unilever,child_brand
Dove Nutritive Solutions,Unilever,child_brand
Dove,Unilever,child_brand
Dove Spa,Unilever,child_brand
Dr. Kaufmann,Unilever,child_brand
Dusch Das,Unilever,child_brand
Eskinol,Unilever,child_brand
Fissan,Unilever,child_brand
FDS,Unilever,child_brand
Fluocaril,Unilever,child_brand
Gessy (Brazil),Unilever,child_brand
Glow & Lovely,Unilever,child_brand
Good Morning,Unilever,child_brand
"Hazeline (China, Vietnam)",Unilever,child_brand
Hijab Fresh,Unilever,child_brand
Hourglass Cosmetics (USA),Unilever,child_brand
Indulekha Shampoo and oil,Unilever,child_brand
K18,Unilever,child_brand
Kate Somerville Skincare,Unilever,child_brand
Korea Glow,Unilever,child_brand
Lakmé cosmetics,Unilever,child_brand
Lever 2000 soap,Unilever,child_brand
Lifebuoy,Unilever,child_brand
Liril,Unilever,child_brand
Living Proof,Unilever,child_brand
Linic,Unilever,child_brand
Love Beauty & Planet,Unilever,child_brand
Lux,Unilever,child_brand
Master,Unilever,child_brand
Matey,Unilever,child_brand
MedCare,Unilever,child_brand
Melé,Unilever,child_brand
Mentadent,Unilever,child_brand
Mist,Unilever,child_brand
Nameera,Unilever,child_brand
Noxzema,Unilever,child_brand
Nubian Herritage,Unilever,child_brand
Nyakio,Unilever,child_brand
Organics,Unilever,child_brand
Onnit,Unilever,child_brand
Paula's Choice,Unilever,child_brand
Pears Transparent Soap,Unilever,child_brand
Pepsodent,Unilever,child_brand
Pinuk,Unilever,child_brand
Pond's,Unilever,child_brand
Pond's Men,Unilever,child_brand
Prodent,Unilever,child_brand
Pure Line (Middle East),Unilever,child_brand
Radox,Unilever,child_brand
Regenerate,Unilever,child_brand
"Rexona (Degree in the United States & Canada; Sure in the United Kingdom, Ireland and India; Shield in South Africa; Rexena in Japan)",Unilever,child_brand
Sahaja,Unilever,child_brand
Schmidt's Naturals,Unilever,child_brand
Seventh Generation,Unilever,child_brand
Shea Moisture,Unilever,child_brand
Signal,Unilever,child_brand
Simple,Unilever,child_brand
St Ives,Unilever,child_brand
Suave (Outside the United States),Unilever,child_brand
Thermasilk,Unilever,child_brand
Tholl,Unilever,child_brand
Toni & Guy,Unilever,child_brand
TRESemmé,Unilever,child_brand
Vaseline,Unilever,child_brand
Vibrance,Unilever,child_brand
Vim (Middle East),Unilever,child_brand
Vinólia,Unilever,child_brand
Vitakeratin,Unilever,child_brand
VO5,Unilever,child_brand
White Beauty,Unilever,child_brand
Williams,Unilever,child_brand
Wild,Unilever,child_brand
Xedex,Unilever,child_brand
Zendium,Unilever,child_brand
Zhonghua,Unilever,child_brand
Zwitsal,Unilever,child_brand
